<?xml version="1.0" encoding="utf-8"?><App xmlns="http://schemas.microsoft.com/sharepoint/2012/app/manifest" Name="demo-isolated-wp-client-side-solution" ProductID="e57a31fc-fdcb-4b80-9a18-c98e9eb5addd" Version="1.0.0.0" SharePointMinVersion="16.0.0.0" IsClientSideSolution="true" SkipFeatureDeployment="true" IsDomainIsolated="true"><Properties><Title>demo-isolated-wp-client-side-solution</Title><DeveloperProperties>{&quot;name&quot;:&quot;&quot;,&quot;websiteUrl&quot;:&quot;&quot;,&quot;privacyUrl&quot;:&quot;&quot;,&quot;termsOfUseUrl&quot;:&quot;&quot;,&quot;mpnId&quot;:&quot;Undefined-1.15.0&quot;}</DeveloperProperties><ShortDescription><LocalizedString CultureName="default">demo-isolated-wp description</LocalizedString></ShortDescription><LongDescription><LocalizedString CultureName="default">demo-isolated-wp description</LocalizedString></LongDescription><Screenshots></Screenshots></Properties><WebApiPermissionRequests><WebApiPermissionRequest ResourceId="SamBotAPIAPP" Scope="user_impersonation"></WebApiPermissionRequest></WebApiPermissionRequests></App>