{
  "$schema": "https://developer.microsoft.com/json-schemas/spfx-build/package-solution.schema.json",
  "solution": {
    "name": "demo-isolated-wp-client-side-solution",
    "id": "e57a31fc-fdcb-4b80-9a18-c98e9eb5addd",
    "version": "1.0.0.0",
    "includeClientSideAssets": true,
    "skipFeatureDeployment": true,
    "isDomainIsolated": true,
    "webApiPermissionRequests": [
      {
        "resource": "SamBotAPIAPP",
        "scope": "user_impersonation"
      }
    ],
    "developer": {
      "name": "",
      "websiteUrl": "",
      "privacyUrl": "",
      "termsOfUseUrl": "",
      "mpnId": "Undefined-1.15.0"
    },
    "metadata": {
      "shortDescription": {
        "default": "demo-isolated-wp description"
      },
      "longDescription": {
        "default": "demo-isolated-wp description"
      },
      "screenshotPaths": [],
      "videoUrl": "",
      "categories": []
    },
    "features": [
      {
        "title": "demo-isolated-wp Feature",
        "description": "The feature that activates elements of the demo-isolated-wp solution.",
        "id": "32e1e888-4285-43a9-91af-5c743ad06ed5",
        "version": "1.0.0.0"
      }
    ]
  },
  "paths": {
    "zippedPackage": "solution/demo-isolated-wp.sppkg"
  }
}
